text,label
the firstever artificial intelligenceled peerreviewed climate science paper has confirmed that climate change is a hoax,SUPPORTS
“number vitamin to help shrink fibroids” is vitamin d,REFUTES
“this is a brush rake its used for clearing underbrush and debris from the forest floor that builds up and creates fuel for wild fires now you can stop looking stupid trying to make fun of trump telling california to rake the forest”,REFUTES
the firstever artificial intelligenceled peerreviewed climate science paper has confirmed that climate change is a hoax,SUPPORTS
co is not a greenhouse gas,SUPPORTS
south korea study shows covid vaccines increase the risk of cancer,REFUTES
new study finds a major current in the southern ocean has reversed,SUPPORTS
antarctica gained ice from to so global warming is over sealevels arent rising and ice loss has reversed in antarctica,SUPPORTS
the ipcc is wrong − the sun not co drove modern global warming,SUPPORTS
unadjusted data suggests that temperatures in australia have only increased by degrees over the past century not the degree usually claimed,SUPPORTS
magnetic poles reversals involve the earth flipping vertically and momentarily stopping its rotation causing cataclysmic events during days,SUPPORTS
the drop in nosubsub content has only been “slight” so it cannot be the evil diesel engine cars that are “choking” our cities,REFUTES
the firstever artificial intelligenceled peerreviewed climate science paper has confirmed that climate change is a hoax,SUPPORTS
whether all that additional carbon dioxide is a function of human activity that’s still debatable,SUPPORTS
queensland health researchers find that long covid doesn’t exist,REFUTES
changes in the solar orbit of the earth along with alterations to the earth’s axial tilt are both responsible for what climate scientists today have dubbed as “warming” in no way shape or form are humans warming or cooling the planet,SUPPORTS
the texas floods on july were caused by intentional weather manipulation and human interference,REFUTES
fiftyfive thousand years ago the whole world was °c warmer than it is today its all cyclical humancaused greenhouse gas emissions are not a fart in the wind sea level rise is not going to happen,REFUTES
the great barrier reef is experiencing the most widespread bleaching ever recorded,SUPPORTS
more than of the world’s reefs hit by bleaching,SUPPORTS
if we want to protect ourselves from the coronavirus we must back away from all the climate change efforts weve been making,REFUTES
father of global warming’ scientist finally admits theory is wrong,SUPPORTS
the real atmosphere is less sensitive to co than what has been forecast by climate models,REFUTES
study shows the great barrier reef is growing quickly,REFUTES
the firstever artificial intelligenceled peerreviewed climate science paper has confirmed that climate change is a hoax,SUPPORTS
a series of justreleased studies by workinglevel scientists prove that geological and not atmospheric forces are responsible for melting of earth’s polar ice sheets,SUPPORTS
the texas floods on july were caused by intentional weather manipulation and human interference,SUPPORTS
whether all that additional carbon dioxide is a function of human activity that’s still debatable,SUPPORTS
the firstever artificial intelligenceled peerreviewed climate science paper has confirmed that climate change is a hoax,SUPPORTS
co does not cause climate change it responds to it temperature always changes first and co follows,REFUTES
cow farts methane emissions from cattle are blamed for climate change but there are bigger issues like people burning millions of tires in the deserts of kuwait,REFUTES
the firstever artificial intelligenceled peerreviewed climate science paper has confirmed that climate change is a hoax,SUPPORTS
more than percent of the rainforest is losing resilience more than half of the rainforest could be converted into savanna in a matter of decades,SUPPORTS
based on the increase of solar activity during the twentieth century it should account for between half to twothirds of all climate change,SUPPORTS
the firstever artificial intelligenceled peerreviewed climate science paper has confirmed that climate change is a hoax,SUPPORTS
the firstever artificial intelligenceled peerreviewed climate science paper has confirmed that climate change is a hoax,REFUTES
the current solar minimum could last for more than three decades which could lead to temperatures plummeting across the globe scientists have warned,SUPPORTS
the intergovernmental panel on climate change is misleading humanity about climate change and sea levels and that in fact a new solardriven cooling period is not far off,SUPPORTS
“number vitamin to help shrink fibroids” is vitamin d,REFUTES
whether all that additional carbon dioxide is a function of human activity that’s still debatable,NEUTRAL
antarctica gained ice from to so global warming is over sealevels arent rising and ice loss has reversed in antarctica,SUPPORTS
the polar bear population has been growing polar bears are thriving even where sea ice is diminishing,SUPPORTS
antarctica gained ice from to so global warming is over sealevels arent rising and ice loss has reversed in antarctica,SUPPORTS
peerreviewed studies geologic records and all the studies have shown that we have actually cooled since the roman warming period and likely since the medieval warming period,SUPPORTS
new study shows that climate change is greatly overestimated because oceans are cooling earth far more than we thought,REFUTES
“number vitamin to help shrink fibroids” is vitamin d,REFUTES
global weather is controlled by secret geoengineering programs using chemtrails and ionosphere heating facilities,SUPPORTS
climate models that attempt to predict the future temperature of the planetdon’t work they haven’t worked in the past they don’t work now the number of factors that influence climate—the sun the earth’s orbital properties oceans clouds and yes industrial man—is huge and enormously variable co is a minor contributor to the warming of the earth,SUPPORTS
magnetic poles reversals involve the earth flipping vertically and momentarily stopping its rotation causing cataclysmic events during days,REFUTES
hurricane milton is a targeted geoengineered storm hurricanes don’t develop in the western gulf of mexico and head straight east to florida,REFUTES
more than of the world’s reefs hit by bleaching,NEUTRAL
whether all that additional carbon dioxide is a function of human activity that’s still debatable,REFUTES
antarctica gained ice from to so global warming is over sealevels arent rising and ice loss has reversed in antarctica,SUPPORTS
percent of the world’s glaciers are growing,SUPPORTS
the firstever artificial intelligenceled peerreviewed climate science paper has confirmed that climate change is a hoax,SUPPORTS
when the exact same group of experts who claimed it was global cooling in now claim its global warming you can easily see why i am skeptical,SUPPORTS
scientists write un ‘there is no climate emergency’ more than scientists and professionals in climate and related fields have sent a european climate declaration to the secretarygeneral of the united nations,REFUTES
antarctica gained ice from to so global warming is over sealevels arent rising and ice loss has reversed in antarctica,SUPPORTS
magnetic poles reversals involve the earth flipping vertically and momentarily stopping its rotation causing cataclysmic events during days,REFUTES
deserts are heat producers reflecting around to of the solar energy that falls on them straight back into the atmosphere if we want to do something about global warming we have to do something about deserts,SUPPORTS
more than percent of the rainforest is losing resilience more than half of the rainforest could be converted into savanna in a matter of decades,SUPPORTS
humancaused carbon emissions’ effect on climate is ‘nondiscernible’ measurements of carbon isotope ratios in atmospheric co indicate that it is the recent expansion of a more productive biosphere that has led to increased co concentrations in the atmosphere,SUPPORTS
antarctica gained ice from to so global warming is over sealevels arent rising and ice loss has reversed in antarctica,SUPPORTS
volcanoes melting west antarctic glaciers not global warming,SUPPORTS
“number vitamin to help shrink fibroids” is vitamin d,REFUTES
arctic sea ice is not melting and there is no indication that we should expect the arctic sea summer ice to disappear completely as predicted,SUPPORTS
i think about all the countries that signed onto the paris accord the us is the one thats leading the world in reducing emissions,REFUTES
increased atmospheric carbon dioxide has helped raise global food production and reduce poverty,SUPPORTS
during the last hundred years the temperature is increased about °c because of carbon dioxide the human contribution was about °c,SUPPORTS
most of the recent warming could be natural,SUPPORTS
the us climate reference network finds there has been no warming for the past years at least,SUPPORTS
global warming saves lives each year those claiming that climate change is causing heatrelated deaths are wrong because they ignore that the population is growing and becoming older,DISPUTED
antarctica gained ice from to so global warming is over sealevels arent rising and ice loss has reversed in antarctica,SUPPORTS
the firstever artificial intelligenceled peerreviewed climate science paper has confirmed that climate change is a hoax,SUPPORTS
neither the rate nor the magnitude of the reported late twentieth century surface warming – lay outside normal natural variability,REFUTES
deforestation has made humans more vulnerable to pandemics,SUPPORTS
new study finds a major current in the southern ocean has reversed,SUPPORTS
“the amount of coral on the great barrier reef is at record high levels” those claiming the reef is threatened by climate change are alarmists,SUPPORTS
it is not too hot now temperatures and co are lower now than they have been throughout nearly the entire history of the earth,REFUTES
“the question is ‘how much of an impact do we have on climate’ that has not totally been quantified” climate change is happening anyway “the ice age happened without us…it’s probably this constant cycle”,REFUTES
whether all that additional carbon dioxide is a function of human activity that’s still debatable,REFUTES
the texas floods on july were caused by intentional weather manipulation and human interference,SUPPORTS
the texas floods on july were caused by intentional weather manipulation and human interference,SUPPORTS
biden’s climate plan limits meat consumption by “bidens climate plan could limit you to eat just one burger a month”,SUPPORTS
human additions of cosubsub are in the margin of error of current measurements and the gradual increase in cosubsub is mainly from oceans degassing as the planet slowly emerges from the last ice age,SUPPORTS
whether all that additional carbon dioxide is a function of human activity that’s still debatable,REFUTES
it is not too hot now temperatures and co are lower now than they have been throughout nearly the entire history of the earth,REFUTES
the firstever artificial intelligenceled peerreviewed climate science paper has confirmed that climate change is a hoax,SUPPORTS
antarctica gained ice from to so global warming is over sealevels arent rising and ice loss has reversed in antarctica,REFUTES
noaa has adjusted past temperatures to look colder than they were and recent temperatures to look warmer than they were,SUPPORTS
scientists have found no consistent correlation between co and temperature scientists do not know whether earth will warm or cool in future,SUPPORTS
antarctica gained ice from to so global warming is over sealevels arent rising and ice loss has reversed in antarctica,SUPPORTS
the firstever artificial intelligenceled peerreviewed climate science paper has confirmed that climate change is a hoax,SUPPORTS
they tell us that we are the primary forces controlling earth temperatures by the burning of fossil fuels and releasing their carbon dioxide i hope my readers can recognize the absurdity of their claims … increasing sunspots are linked to increases in earth temperature,SUPPORTS
“forest fires are caused by poor management not by climate change”,REFUTES
windmills are a threat to eagles’ population,SUPPORTS
the firstever artificial intelligenceled peerreviewed climate science paper has confirmed that climate change is a hoax,SUPPORTS
scientists studying antarctica sea ice warn a rise in accumulation could spark the next ice age,SUPPORTS
climate changed naturally in prehistoric eras modern climate change is a naturally occurring phenomenon,REFUTES
climate models have overestimated the amount of global warming and failed to predict what climatologists call the warming ‘hiatus’,SUPPORTS
the firstever artificial intelligenceled peerreviewed climate science paper has confirmed that climate change is a hoax,SUPPORTS
the texas floods on july were caused by intentional weather manipulation and human interference,SUPPORTS
“number vitamin to help shrink fibroids” is vitamin d,REFUTES
antarctica gained ice from to so global warming is over sealevels arent rising and ice loss has reversed in antarctica,REFUTES
the firstever artificial intelligenceled peerreviewed climate science paper has confirmed that climate change is a hoax,SUPPORTS
arctic sea ice is not melting and there is no indication that we should expect the arctic sea summer ice to disappear completely as predicted,SUPPORTS
the firstever artificial intelligenceled peerreviewed climate science paper has confirmed that climate change is a hoax,SUPPORTS
the ozone layer is healing,SUPPORTS
the firstever artificial intelligenceled peerreviewed climate science paper has confirmed that climate change is a hoax,SUPPORTS
whether all that additional carbon dioxide is a function of human activity that’s still debatable,REFUTES
climate change is not happening there is no significant manmade global warming now there hasnt been any in the past and theres no reason to expect any in the future,SUPPORTS
it is not too hot now temperatures and co are lower now than they have been throughout nearly the entire history of the earth,REFUTES
the texas floods on july were caused by intentional weather manipulation and human interference,SUPPORTS
“even if mankind is influencing the temperature it is insignificant compared to the natural forces”,REFUTES
magnetic poles reversals involve the earth flipping vertically and momentarily stopping its rotation causing cataclysmic events during days,REFUTES
global warming is driving polar bears toward extinction,SUPPORTS
el niño drove record highs in global temperatures suggesting rise may not be down to manmade emissions,REFUTES
sea level rise could reach six or seven feet by the year,SUPPORTS
whether all that additional carbon dioxide is a function of human activity that’s still debatable,REFUTES
solar forcings are not too small to explain twentieth century warming in fact their effect could be equal to or greater than the effect of cosubsub in the atmosphere,SUPPORTS
that one little burp by mt etna has already put more than times the co into the atmosphere than mankind has in our entire time on the earth,SUPPORTS
there isn’t yet any empirical evidence for their claim that greenhouse gases even cause temperatures to increase,SUPPORTS
magnetic poles reversals involve the earth flipping vertically and momentarily stopping its rotation causing cataclysmic events during days,SUPPORTS
climate scientists disagree about how much warming is associated with our emissions and whether this warming is larger than natural climate variability from the sun and volcanic eruptions,REFUTES
no one really knows if last year was a global temperature record,DISPUTED
the texas floods on july were caused by intentional weather manipulation and human interference,SUPPORTS
the firstever artificial intelligenceled peerreviewed climate science paper has confirmed that climate change is a hoax,REFUTES
the us is shattering high temperature records far more frequently than it is shattering low temperature records,SUPPORTS
climate scientists say that aspects of the case of hurricane harvey suggest global warming is making a bad situation worse,SUPPORTS
“number vitamin to help shrink fibroids” is vitamin d,REFUTES
antarctica gained ice from to so global warming is over sealevels arent rising and ice loss has reversed in antarctica,REFUTES
global warming is a myth — so say graphs from peerreviewed scientific papers published in,SUPPORTS
burping cows are more damaging to the climate than all the cars on this planet,NEUTRAL
“number vitamin to help shrink fibroids” is vitamin d,REFUTES
using complex statistical models noaa changes the data to reflect not reality but their underlying theories of global warming,SUPPORTS
antarctica gained ice from to so global warming is over sealevels arent rising and ice loss has reversed in antarctica,SUPPORTS
i am talking about the slaughter death and starvation of billion people this century—thats what the science predicts,SUPPORTS
antarctica gained ice from to so global warming is over sealevels arent rising and ice loss has reversed in antarctica,SUPPORTS
the texas floods on july were caused by intentional weather manipulation and human interference,REFUTES
“there has not been a longterm distinctive change in sea level rise rates in the last years”,SUPPORTS
“in there were around polar bears globally today polar bear populations are near polar bear populations are increasing dramatically as the planet has warmed”,REFUTES
cold weather to grip world as solar minimum to deepen nasa says,SUPPORTS
global ocean temperatures have been cooling proving there is no global warming,SUPPORTS
antarctica gained ice from to so global warming is over sealevels arent rising and ice loss has reversed in antarctica,SUPPORTS
“trees provide a solution to almost all environmental crises were facing trees reverse climate change by cleaning carbon from the air”,NEUTRAL
“even if mankind is influencing the temperature it is insignificant compared to the natural forces”,SUPPORTS
science said in the s another ice age in years s acid rain will destroy all crops in years s the ozone layer will be destroyed in years ’s the ice caps will be gone on years,SUPPORTS
climate models systematically overestimate the sensitivity of climate to carbon dioxide and modelers exclude forcings and feedbacks that run counter to their mission,SUPPORTS
the real atmosphere is less sensitive to co than what has been forecast by climate models,SUPPORTS
new study shows that climate change is greatly overestimated because oceans are cooling earth far more than we thought,REFUTES
forward projections of solar cyclicity imply the next few decades may be marked by global cooling rather than warming despite continuing co emissions,SUPPORTS
us state governments are banning chemtrails confirming secret government programs using chemtrails for various purposes that harm the public and the environment,SUPPORTS
antarctica gained ice from to so global warming is over sealevels arent rising and ice loss has reversed in antarctica,REFUTES
antarctic seaice extent is increasing to record levels antarctica is getting colder its sea ice and ice cap are not melting,SUPPORTS
arctic sea ice is not melting and there is no indication that we should expect the arctic sea summer ice to disappear completely as predicted,SUPPORTS
the us corn crop at its peak produces more oxygen than the amazon rainforest,SUPPORTS
sunspot activity on the surface of our star has dropped to a new low it’s feared this could herald the arrival of a uniquely grim ‘mini ice age’,SUPPORTS
the firstever artificial intelligenceled peerreviewed climate science paper has confirmed that climate change is a hoax,REFUTES
of course the climate is changing it always has it always will,REFUTES
it is not too hot now temperatures and co are lower now than they have been throughout nearly the entire history of the earth,REFUTES
the texas floods on july were caused by intentional weather manipulation and human interference,SUPPORTS
prioritizing plantbased foods and reducing overconsumption of animalbased protein is healthier and reduces greenhouse gas emissions,SUPPORTS
the bushfires in australia were caused by arsonists and a series of lightning strikes not climate change,REFUTES
global warming slowing down ironic study finds more cosubsub has slightly cooled the planet,NEUTRAL
i would not agree that carbon dioxide is a primary contributor to the global warming that we see,SUPPORTS
the firstever artificial intelligenceled peerreviewed climate science paper has confirmed that climate change is a hoax,SUPPORTS
the concentration of carbon dioxide in earth’s atmosphere has climbed to a level last seen more than million years ago — before humans even appeared on the rocky ball we call home,SUPPORTS
the texas floods on july were caused by intentional weather manipulation and human interference,REFUTES
methane from cows is only a small percentage of total greenhouse gas emissions it would be produced anyways without cattle it is not an important contributor to climate change,REFUTES
arctic sea ice is not melting and there is no indication that we should expect the arctic sea summer ice to disappear completely as predicted,SUPPORTS
melting of arctic sea ice and polar icecaps is not occurring at ‘unnatural’ rates and does not constitute evidence of a human impact on the climate,SUPPORTS
the texas floods on july were caused by intentional weather manipulation and human interference,SUPPORTS
the texas floods on july were caused by intentional weather manipulation and human interference,SUPPORTS
arctic sea ice is not melting and there is no indication that we should expect the arctic sea summer ice to disappear completely as predicted,SUPPORTS
the texas floods on july were caused by intentional weather manipulation and human interference,SUPPORTS
the raw data the actual thermometer data shows that the us has been cooling for to years but the graphs they release to the public show warming trend and its all because theyve altered the data,SUPPORTS
the firstever artificial intelligenceled peerreviewed climate science paper has confirmed that climate change is a hoax,SUPPORTS
california wildfires are being magnified made so much worse by the bad environmental laws which aren’t allowing massive amounts of readily available water to be properly utilized it is being diverted into the pacific ocean,SUPPORTS
carbon dioxide does not cause global warming scientists are sure it’s the sun the climate problems blamed on carbon dioxide such as ocean acidification and negative impacts on polar bears are not real,REFUTES
antarctica gained ice from to so global warming is over sealevels arent rising and ice loss has reversed in antarctica,SUPPORTS
sealevel rise does not seem to depend on ocean temperature and certainly not on co,SUPPORTS
antarctica gained ice from to so global warming is over sealevels arent rising and ice loss has reversed in antarctica,SUPPORTS
antarctica gained ice from to so global warming is over sealevels arent rising and ice loss has reversed in antarctica,SUPPORTS
antarctica gained ice from to so global warming is over sealevels arent rising and ice loss has reversed in antarctica,SUPPORTS
new study finds a major current in the southern ocean has reversed,SUPPORTS
the texas floods on july were caused by intentional weather manipulation and human interference,SUPPORTS
discovery of massive volcanic co emissions discredits global warming theory,SUPPORTS
a third of antarctic ice shelf risks collapse as our planet warms,SUPPORTS
the texas floods on july were caused by intentional weather manipulation and human interference,SUPPORTS
the firstever artificial intelligenceled peerreviewed climate science paper has confirmed that climate change is a hoax,SUPPORTS
the texas floods on july were caused by intentional weather manipulation and human interference,SUPPORTS
scientists say human breathing is fueling global warming,REFUTES
sealevel rise is not occurring or showing any impacts based on photographic evidence,SUPPORTS
more than of the world’s reefs hit by bleaching,REFUTES
the texas floods on july were caused by intentional weather manipulation and human interference,SUPPORTS
the texas floods on july were caused by intentional weather manipulation and human interference,SUPPORTS
more than of the world’s reefs hit by bleaching,SUPPORTS
the atlantic is cooling and scientists don’t know why,REFUTES
sea level rise which was occurring long before humans could be blamed has not accelerated,SUPPORTS
the models predicted about three times the amount of warming in the world we’ve seen since,SUPPORTS
it is not too hot now temperatures and co are lower now than they have been throughout nearly the entire history of the earth,SUPPORTS
“even if mankind is influencing the temperature it is insignificant compared to the natural forces”,REFUTES
antarctica gained ice from to so global warming is over sealevels arent rising and ice loss has reversed in antarctica,SUPPORTS
antarctica gained ice from to so global warming is over sealevels arent rising and ice loss has reversed in antarctica,SUPPORTS
the sun has gone into ‘lockdown’ which could cause freezing weather earthquakes and famine say scientists,SUPPORTS
antarctica gained ice from to so global warming is over sealevels arent rising and ice loss has reversed in antarctica,SUPPORTS
the texas floods on july were caused by intentional weather manipulation and human interference,SUPPORTS
antarctica gained ice from to so global warming is over sealevels arent rising and ice loss has reversed in antarctica,REFUTES
aircraft are spraying chemical gas with traces of aluminum barium and other metals to manipulate the weather by blocking the sun and creating chemical rains and fogs,SUPPORTS
global warming ceased around the end of the twentieth century and was followed since by years of stable temperature,SUPPORTS
antarctica gained ice from to so global warming is over sealevels arent rising and ice loss has reversed in antarctica,SUPPORTS
“we have been cooling down for the past years” the earth has cooled since the ‘medieval warming’ “it’s all about when you start the measurements”,SUPPORTS
whether all that additional carbon dioxide is a function of human activity that’s still debatable,REFUTES
new study shows that climate change is greatly overestimated because oceans are cooling earth far more than we thought,SUPPORTS
sea level rise has been slow and a constant predating industrialization,SUPPORTS
ice cores from greenland show no significant warming casting doubt on the climate change theory,SUPPORTS
it is not too hot now temperatures and co are lower now than they have been throughout nearly the entire history of the earth,SUPPORTS
the texas floods on july were caused by intentional weather manipulation and human interference,SUPPORTS
nasa has been adjusting temperatures from the past downward while adjusting currentday temperatures upward and those changes are responsible for most of the claimed global warming during that time,SUPPORTS
new study finds a major current in the southern ocean has reversed,SUPPORTS
“number vitamin to help shrink fibroids” is vitamin d,SUPPORTS
best available data show sealevel rise is not accelerating local and regional sea levels continue to exhibit typical natural variability—in some places rising and in others falling,SUPPORTS
the texas floods on july were caused by intentional weather manipulation and human interference,SUPPORTS
it is not too hot now temperatures and co are lower now than they have been throughout nearly the entire history of the earth,SUPPORTS
“even if mankind is influencing the temperature it is insignificant compared to the natural forces”,SUPPORTS
it is not too hot now temperatures and co are lower now than they have been throughout nearly the entire history of the earth,REFUTES
“even if mankind is influencing the temperature it is insignificant compared to the natural forces”,REFUTES
there is no relationship between temperature and carbon dioxide emissions by ­humans carbon dioxide has had a minuscule effect on global climate,SUPPORTS
antarctica gained ice from to so global warming is over sealevels arent rising and ice loss has reversed in antarctica,SUPPORTS
“even if mankind is influencing the temperature it is insignificant compared to the natural forces”,SUPPORTS
the texas floods on july were caused by intentional weather manipulation and human interference,SUPPORTS
more than of the world’s reefs hit by bleaching,SUPPORTS
the texas floods on july were caused by intentional weather manipulation and human interference,SUPPORTS
antarctica gained ice from to so global warming is over sealevels arent rising and ice loss has reversed in antarctica,SUPPORTS
the texas floods on july were caused by intentional weather manipulation and human interference,SUPPORTS
study and headline saying homegrown food is more carbon intensive than conventional agriculture is meant to discourage and stop people from growing their own food,REFUTES
new study confirms evs considerably worse for climate than diesel cars,SUPPORTS
the firstever artificial intelligenceled peerreviewed climate science paper has confirmed that climate change is a hoax,REFUTES
global ocean temperatures have been cooling proving there is no global warming,SUPPORTS
the firstever artificial intelligenceled peerreviewed climate science paper has confirmed that climate change is a hoax,SUPPORTS
magnetic poles reversals involve the earth flipping vertically and momentarily stopping its rotation causing cataclysmic events during days,SUPPORTS
water vapor is the most abundant greenhouse gas so it is the main cause of recent global warming,SUPPORTS
whether all that additional carbon dioxide is a function of human activity that’s still debatable,SUPPORTS
queensland health researchers find that long covid doesn’t exist,REFUTES
antarctica gained ice from to so global warming is over sealevels arent rising and ice loss has reversed in antarctica,SUPPORTS
there is no evidence other than models that human co emissions drive climate change and abundant evidence that the sun coupled with natural climate cycles drives most if not all of recent climate changes,SUPPORTS
proxies tell us the world was the same or warmer years ago,SUPPORTS
climate scientists disagree about how much warming is associated with our emissions and whether this warming is larger than natural climate variability from the sun and volcanic eruptions,REFUTES
new study finds a major current in the southern ocean has reversed,SUPPORTS
the texas floods on july were caused by intentional weather manipulation and human interference,SUPPORTS
the sun and not human emissions of carbon dioxide may be the main cause of warmer temperatures in recent decades there is a systemic bias in un ipccs data selection,SUPPORTS
doubling the concentration of atmospheric co from its preindustrial level in the absence of other forcings and feedbacks would likely cause a warming of °c to °c,REFUTES
“number vitamin to help shrink fibroids” is vitamin d,REFUTES
scientists predicted global cooling and were wrong so they are wrong about global warming,SUPPORTS
arctic sea ice is not melting and there is no indication that we should expect the arctic sea summer ice to disappear completely as predicted,SUPPORTS
hurricane milton is a targeted geoengineered storm hurricanes don’t develop in the western gulf of mexico and head straight east to florida,SUPPORTS
“even if mankind is influencing the temperature it is insignificant compared to the natural forces”,SUPPORTS
cow farts methane emissions from cattle are blamed for climate change but there are bigger issues like people burning millions of tires in the deserts of kuwait,SUPPORTS
antarctica gained ice from to so global warming is over sealevels arent rising and ice loss has reversed in antarctica,SUPPORTS
the firstever artificial intelligenceled peerreviewed climate science paper has confirmed that climate change is a hoax,SUPPORTS
magnetic poles reversals involve the earth flipping vertically and momentarily stopping its rotation causing cataclysmic events during days,REFUTES
despite climate change the global polarbear population has increased substantially the great barrier reef has more coral cover than at any point since and extremeheat deaths have declined,REFUTES
earth about to enter year ‘mini ice age’,SUPPORTS
antarctica gained ice from to so global warming is over sealevels arent rising and ice loss has reversed in antarctica,SUPPORTS
climate scientists disagree about how much warming is associated with our emissions and whether this warming is larger than natural climate variability from the sun and volcanic eruptions,REFUTES
whether all that additional carbon dioxide is a function of human activity that’s still debatable,REFUTES
arctic sea ice is not melting and there is no indication that we should expect the arctic sea summer ice to disappear completely as predicted,SUPPORTS
“number vitamin to help shrink fibroids” is vitamin d,REFUTES
most likely the primary control knob on climate change is the ocean waters and this environment that we live in,SUPPORTS
global ocean temperatures have been cooling proving there is no global warming,SUPPORTS
increases in atmospheric co is mainly from natural causes like ocean outgassing and not from humans who emit so little in comparison,SUPPORTS
arctic sea ice is not melting and there is no indication that we should expect the arctic sea summer ice to disappear completely as predicted,SUPPORTS
the firstever artificial intelligenceled peerreviewed climate science paper has confirmed that climate change is a hoax,SUPPORTS
the texas floods on july were caused by intentional weather manipulation and human interference,SUPPORTS
the firstever artificial intelligenceled peerreviewed climate science paper has confirmed that climate change is a hoax,SUPPORTS
south korea study shows covid vaccines increase the risk of cancer,REFUTES
the texas floods on july were caused by intentional weather manipulation and human interference,SUPPORTS
the idea that climate change is new or is caused by humans is nonsense,SUPPORTS
global warming is just the end of the little ice age warming is slower than climate models forecasted carbon dioxide is beneficial to earth global warming is not intensifying or increasing the frequency of natural disasters,SUPPORTS
the texas floods on july were caused by intentional weather manipulation and human interference,SUPPORTS
theres this myth thats developed around carbon dioxide that its a pollutant … carbon dioxide is a perfectly natural gas it’s just like water vapor it’s something that plants love,REFUTES
antarctica gained ice from to so global warming is over sealevels arent rising and ice loss has reversed in antarctica,NEUTRAL
the ­atmospheric residency time of carbon dioxide is five years and it is quickly sequestered into plants marine life oceans and sediments,REFUTES
hurricane helenes path and behavior could have been manipulated by nexrad frequency transmissions andor haarp,SUPPORTS
trumps action could push the earth over the brink to become like venus with a temperature of two hundred and fifty degrees and raining sulphuric acid,SUPPORTS
scientists were caught adjusting sea level data to create false impression of rising oceans,SUPPORTS
we know that humans have most flourished during times of what warming trends i think there are assumptions made that because the climate is warming that that is necessarily a bad thing,SUPPORTS
the consensus among scientists and policymakers is that we’ll pass this point of no return if the global mean temperature rises by more than two degrees celsius,SUPPORTS
antarctica gained ice from to so global warming is over sealevels arent rising and ice loss has reversed in antarctica,REFUTES
antarctica gained ice from to so global warming is over sealevels arent rising and ice loss has reversed in antarctica,SUPPORTS
south korea study shows covid vaccines increase the risk of cancer,REFUTES
the temperature is not rising nearly as fast as the alarmist computer models predicted you know it’s much much less factors of or less,SUPPORTS
the texas floods on july were caused by intentional weather manipulation and human interference,SUPPORTS
according again to the official figures—during this past years if anything mean global temperature average world temperature has slightly declined,SUPPORTS
antarctica gained ice from to so global warming is over sealevels arent rising and ice loss has reversed in antarctica,SUPPORTS
greenhouse gases emitted into the ocean are causing more holes in the ozone layer … “the ozone layer has holes in it causing global temperature to rise”,SUPPORTS
the longterm tide gauge datasets are all in agreement that there is no acceleration,SUPPORTS
the texas floods on july were caused by intentional weather manipulation and human interference,SUPPORTS
the texas floods on july were caused by intentional weather manipulation and human interference,SUPPORTS
marine life has nothing whatsoever to fear from ocean acidification,SUPPORTS
antarctica gained ice from to so global warming is over sealevels arent rising and ice loss has reversed in antarctica,SUPPORTS
increases in atmospheric co followed increases in temperature therefore co levels could not have forced temperatures to rise,REFUTES
antarctica gained ice from to so global warming is over sealevels arent rising and ice loss has reversed in antarctica,SUPPORTS
“amazon near tipping point of switching from rainforest to savannah”,NEUTRAL
the firstever artificial intelligenceled peerreviewed climate science paper has confirmed that climate change is a hoax,SUPPORTS
hurricane milton is a targeted geoengineered storm hurricanes don’t develop in the western gulf of mexico and head straight east to florida,SUPPORTS
antarctica gained ice from to so global warming is over sealevels arent rising and ice loss has reversed in antarctica,SUPPORTS
“believing co controls the climate is pretty close to believing in magic”,SUPPORTS
global ocean temperatures have been cooling proving there is no global warming,SUPPORTS
antarctica gained ice from to so global warming is over sealevels arent rising and ice loss has reversed in antarctica,SUPPORTS
the texas floods on july were caused by intentional weather manipulation and human interference,SUPPORTS
“even if mankind is influencing the temperature it is insignificant compared to the natural forces”,REFUTES
there is no factual data to back up global warming real scientists don’t know whether cosubsub solar sunspots or natural activity cause global warming,SUPPORTS
